type;language;license;rightsHolder;accessRights;datasetID;datasetName;institutionCode;parentEventID;informationWithheld;dataGeneralizations;eventID;samplingProtocol;eventDate;eventRemarks;locationID;continent;countryCode;locality;georeferenceRemarks;decimalLatitude;decimalLongitude;coordinateUncertaintyInMeters;geodeticDatum
Event;en;http://creativecommons.org/publicdomain/zero/1.0/;INBO;https://www.inbo.be/en/norms-data-use;https://doi.org/10.15468/crbudg;Meetnetten.be - Population count for dragonflies in Flanders, Belgium;INBO;INBO:MEETNET:VISITID:000099;original locations available upon request;coordinates are generalized from a POLYGON to a UTM 5km grid;INBO:MEETNET:EVENT:000768;dragonfly population count;2016-06-05;data collected in the Gevlekte witsnuitlibel project;INBO:MEETNET:LOCATION:002741;Europe;BE;Grobbendonk Engels Kamp sectie 15;coordinates are centroid of used grid square;51.19077;4.75303;3536;WGS84
Event;en;http://creativecommons.org/publicdomain/zero/1.0/;INBO;https://www.inbo.be/en/norms-data-use;https://doi.org/10.15468/crbudg;Meetnetten.be - Population count for dragonflies in Flanders, Belgium;INBO;INBO:MEETNET:VISITID:000100;original locations available upon request;coordinates are generalized from a POLYGON to a UTM 5km grid;INBO:MEETNET:EVENT:000770;dragonfly population count;2016-06-05;data collected in the Gevlekte witsnuitlibel project;INBO:MEETNET:LOCATION:002739;Europe;BE;Langdonken 1;coordinates are centroid of used grid square;51.00879;4.88871;3536;WGS84
Event;en;http://creativecommons.org/publicdomain/zero/1.0/;INBO;https://www.inbo.be/en/norms-data-use;https://doi.org/10.15468/crbudg;Meetnetten.be - Population count for dragonflies in Flanders, Belgium;INBO;INBO:MEETNET:VISITID:000101;original locations available upon request;coordinates are generalized from a POLYGON to a UTM 5km grid;INBO:MEETNET:EVENT:000772;dragonfly population count;2016-06-05;data collected in the Gevlekte witsnuitlibel project;INBO:MEETNET:LOCATION:002740;Europe;BE;Langdonken 2;coordinates are centroid of used grid square;51.00879;4.88871;3536;WGS84
Event;en;http://creativecommons.org/publicdomain/zero/1.0/;INBO;https://www.inbo.be/en/norms-data-use;https://doi.org/10.15468/crbudg;Meetnetten.be - Population count for dragonflies in Flanders, Belgium;INBO;INBO:MEETNET:VISITID:000103;original locations available upon request;coordinates are generalized from a POLYGON to a UTM 5km grid;INBO:MEETNET:EVENT:000794;dragonfly population count;2016-06-07;data collected in the Gevlekte witsnuitlibel project;INBO:MEETNET:LOCATION:002737;Europe;BE;Wortel Kolonie;coordinates are centroid of used grid square;51.41436;4.83347;3536;WGS84
Event;en;http://creativecommons.org/publicdomain/zero/1.0/;INBO;https://www.inbo.be/en/norms-data-use;https://doi.org/10.15468/crbudg;Meetnetten.be - Population count for dragonflies in Flanders, Belgium;INBO;INBO:MEETNET:VISITID:000104;original locations available upon request;coordinates are generalized from a POLYGON to a UTM 5km grid;INBO:MEETNET:EVENT:000796;dragonfly population count;2016-06-05;data collected in the Gevlekte witsnuitlibel project;INBO:MEETNET:LOCATION:002750;Europe;BE;Wik;coordinates are centroid of used grid square;50.95327;5.45602;3536;WGS84
Event;en;http://creativecommons.org/publicdomain/zero/1.0/;INBO;https://www.inbo.be/en/norms-data-use;https://doi.org/10.15468/crbudg;Meetnetten.be - Population count for dragonflies in Flanders, Belgium;INBO;INBO:MEETNET:VISITID:000105;original locations available upon request;coordinates are generalized from a POLYGON to a UTM 5km grid;INBO:MEETNET:EVENT:000798;dragonfly population count;2016-06-05;data collected in the Gevlekte witsnuitlibel project;INBO:MEETNET:LOCATION:002751;Europe;BE;Turfven;coordinates are centroid of used grid square;51.04159;5.53202;3536;WGS84
Event;en;http://creativecommons.org/publicdomain/zero/1.0/;INBO;https://www.inbo.be/en/norms-data-use;https://doi.org/10.15468/crbudg;Meetnetten.be - Population count for dragonflies in Flanders, Belgium;INBO;INBO:MEETNET:VISITID:000106;original locations available upon request;coordinates are generalized from a POLYGON to a UTM 5km grid;INBO:MEETNET:EVENT:000800;dragonfly population count;2016-06-05;data collected in the Gevlekte witsnuitlibel project;INBO:MEETNET:LOCATION:002752;Europe;BE;Kleine Ruiterskuilen;coordinates are centroid of used grid square;51.04159;5.53202;3536;WGS84
Event;en;http://creativecommons.org/publicdomain/zero/1.0/;INBO;https://www.inbo.be/en/norms-data-use;https://doi.org/10.15468/crbudg;Meetnetten.be - Population count for dragonflies in Flanders, Belgium;INBO;INBO:MEETNET:VISITID:000107;original locations available upon request;coordinates are generalized from a POLYGON to a UTM 5km grid;INBO:MEETNET:EVENT:000802;dragonfly population count;2016-06-04;data collected in the Gevlekte witsnuitlibel project;INBO:MEETNET:LOCATION:002761;Europe;BE;Teut Grootven;coordinates are centroid of used grid square;50.99967;5.38720;3536;WGS84
Event;en;http://creativecommons.org/publicdomain/zero/1.0/;INBO;https://www.inbo.be/en/norms-data-use;https://doi.org/10.15468/crbudg;Meetnetten.be - Population count for dragonflies in Flanders, Belgium;INBO;INBO:MEETNET:VISITID:000112;original locations available upon request;coordinates are generalized from a POLYGON to a UTM 5km grid;INBO:MEETNET:EVENT:000829;dragonfly population count;2016-06-10;data collected in the Gevlekte witsnuitlibel project;INBO:MEETNET:LOCATION:002743;Europe;BE;Zegge;coordinates are centroid of used grid square;51.18736;4.96756;3536;WGS84
Event;en;http://creativecommons.org/publicdomain/zero/1.0/;INBO;https://www.inbo.be/en/norms-data-use;https://doi.org/10.15468/crbudg;Meetnetten.be - Population count for dragonflies in Flanders, Belgium;INBO;INBO:MEETNET:VISITID:000113;original locations available upon request;coordinates are generalized from a POLYGON to a UTM 5km grid;INBO:MEETNET:EVENT:000831;dragonfly population count;2016-06-09;data collected in the Gevlekte witsnuitlibel project;INBO:MEETNET:LOCATION:002742;Europe;BE;Tielenkamp;coordinates are centroid of used grid square;51.27841;4.89975;3536;WGS84
Event;en;http://creativecommons.org/publicdomain/zero/1.0/;INBO;https://www.inbo.be/en/norms-data-use;https://doi.org/10.15468/crbudg;Meetnetten.be - Population count for dragonflies in Flanders, Belgium;INBO;INBO:MEETNET:VISITID:000119;original locations available upon request;coordinates are generalized from a POLYGON to a UTM 5km grid;INBO:MEETNET:EVENT:000921;dragonfly population count;2016-06-10;data collected in the Gevlekte witsnuitlibel project;INBO:MEETNET:LOCATION:002747;Europe;BE;Sluisbeemden;coordinates are centroid of used grid square;50.90982;5.38260;3536;WGS84
Event;en;http://creativecommons.org/publicdomain/zero/1.0/;INBO;https://www.inbo.be/en/norms-data-use;https://doi.org/10.15468/crbudg;Meetnetten.be - Population count for dragonflies in Flanders, Belgium;INBO;INBO:MEETNET:VISITID:000130;original locations available upon request;coordinates are generalized from a POLYGON to a UTM 5km grid;INBO:MEETNET:EVENT:000960;dragonfly population count;2016-06-09;data collected in the Gevlekte witsnuitlibel project;INBO:MEETNET:LOCATION:002760;Europe;BE;Laambeekvallei Vijvers Terlaemen;coordinates are centroid of used grid square;51.00110;5.31600;3536;WGS84
Event;en;http://creativecommons.org/publicdomain/zero/1.0/;INBO;https://www.inbo.be/en/norms-data-use;https://doi.org/10.15468/crbudg;Meetnetten.be - Population count for dragonflies in Flanders, Belgium;INBO;INBO:MEETNET:VISITID:000131;original locations available upon request;coordinates are generalized from a POLYGON to a UTM 5km grid;INBO:MEETNET:EVENT:000962;dragonfly population count;2016-06-09;data collected in the Gevlekte witsnuitlibel project;INBO:MEETNET:LOCATION:002756;Europe;BE;Wijvenheide noord;coordinates are centroid of used grid square;51.00110;5.31600;3536;WGS84
Event;en;http://creativecommons.org/publicdomain/zero/1.0/;INBO;https://www.inbo.be/en/norms-data-use;https://doi.org/10.15468/crbudg;Meetnetten.be - Population count for dragonflies in Flanders, Belgium;INBO;INBO:MEETNET:VISITID:000132;original locations available upon request;coordinates are generalized from a POLYGON to a UTM 5km grid;INBO:MEETNET:EVENT:000964;dragonfly population count;2016-06-09;data collected in the Gevlekte witsnuitlibel project;INBO:MEETNET:LOCATION:002757;Europe;BE;Laambeekvallei oost;coordinates are centroid of used grid square;51.00110;5.31600;3536;WGS84
Event;en;http://creativecommons.org/publicdomain/zero/1.0/;INBO;https://www.inbo.be/en/norms-data-use;https://doi.org/10.15468/crbudg;Meetnetten.be - Population count for dragonflies in Flanders, Belgium;INBO;INBO:MEETNET:VISITID:000133;original locations available upon request;coordinates are generalized from a POLYGON to a UTM 5km grid;INBO:MEETNET:EVENT:000966;dragonfly population count;2016-06-10;data collected in the Gevlekte witsnuitlibel project;INBO:MEETNET:LOCATION:002758;Europe;BE;Kolberg Zonderik west;coordinates are centroid of used grid square;50.95617;5.31377;3536;WGS84
Event;en;http://creativecommons.org/publicdomain/zero/1.0/;INBO;https://www.inbo.be/en/norms-data-use;https://doi.org/10.15468/crbudg;Meetnetten.be - Population count for dragonflies in Flanders, Belgium;INBO;INBO:MEETNET:VISITID:000134;original locations available upon request;coordinates are generalized from a POLYGON to a UTM 5km grid;INBO:MEETNET:EVENT:000968;dragonfly population count;2016-06-10;data collected in the Gevlekte witsnuitlibel project;INBO:MEETNET:LOCATION:002759;Europe;BE;Kolberg Zonderik oost;coordinates are centroid of used grid square;50.95617;5.31377;3536;WGS84
Event;en;http://creativecommons.org/publicdomain/zero/1.0/;INBO;https://www.inbo.be/en/norms-data-use;https://doi.org/10.15468/crbudg;Meetnetten.be - Population count for dragonflies in Flanders, Belgium;INBO;INBO:MEETNET:VISITID:000140;original locations available upon request;coordinates are generalized from a POLYGON to a UTM 5km grid;INBO:MEETNET:EVENT:000975;dragonfly population count;2016-06-19;data collected in the Gevlekte witsnuitlibel project;INBO:MEETNET:LOCATION:002742;Europe;BE;Tielenkamp;coordinates are centroid of used grid square;51.27841;4.89975;3536;WGS84
Event;en;http://creativecommons.org/publicdomain/zero/1.0/;INBO;https://www.inbo.be/en/norms-data-use;https://doi.org/10.15468/crbudg;Meetnetten.be - Population count for dragonflies in Flanders, Belgium;INBO;INBO:MEETNET:VISITID:000150;original locations available upon request;coordinates are generalized from a POLYGON to a UTM 5km grid;INBO:MEETNET:EVENT:001045;dragonfly population count;2016-06-22;data collected in the Gevlekte witsnuitlibel project;INBO:MEETNET:LOCATION:002738;Europe;BE;Catselt;coordinates are centroid of used grid square;51.00640;5.03116;3536;WGS84
Event;en;http://creativecommons.org/publicdomain/zero/1.0/;INBO;https://www.inbo.be/en/norms-data-use;https://doi.org/10.15468/crbudg;Meetnetten.be - Population count for dragonflies in Flanders, Belgium;INBO;INBO:MEETNET:VISITID:000151;original locations available upon request;coordinates are generalized from a POLYGON to a UTM 5km grid;INBO:MEETNET:EVENT:001047;dragonfly population count;2016-06-14;data collected in the Gevlekte witsnuitlibel project;INBO:MEETNET:LOCATION:002738;Europe;BE;Catselt;coordinates are centroid of used grid square;51.00640;5.03116;3536;WGS84
Event;en;http://creativecommons.org/publicdomain/zero/1.0/;INBO;https://www.inbo.be/en/norms-data-use;https://doi.org/10.15468/crbudg;Meetnetten.be - Population count for dragonflies in Flanders, Belgium;INBO;INBO:MEETNET:VISITID:000152;original locations available upon request;coordinates are generalized from a POLYGON to a UTM 5km grid;INBO:MEETNET:EVENT:001049;dragonfly population count;2016-06-16;data collected in the Gevlekte witsnuitlibel project;INBO:MEETNET:LOCATION:002738;Europe;BE;Catselt;coordinates are centroid of used grid square;51.00640;5.03116;3536;WGS84
Event;en;http://creativecommons.org/publicdomain/zero/1.0/;INBO;https://www.inbo.be/en/norms-data-use;https://doi.org/10.15468/crbudg;Meetnetten.be - Population count for dragonflies in Flanders, Belgium;INBO;INBO:MEETNET:VISITID:000153;original locations available upon request;coordinates are generalized from a POLYGON to a UTM 5km grid;INBO:MEETNET:EVENT:001051;dragonfly population count;2016-06-18;data collected in the Gevlekte witsnuitlibel project;INBO:MEETNET:LOCATION:002738;Europe;BE;Catselt;coordinates are centroid of used grid square;51.00640;5.03116;3536;WGS84
Event;en;http://creativecommons.org/publicdomain/zero/1.0/;INBO;https://www.inbo.be/en/norms-data-use;https://doi.org/10.15468/crbudg;Meetnetten.be - Population count for dragonflies in Flanders, Belgium;INBO;INBO:MEETNET:VISITID:000154;original locations available upon request;coordinates are generalized from a POLYGON to a UTM 5km grid;INBO:MEETNET:EVENT:001053;dragonfly population count;2016-06-20;data collected in the Gevlekte witsnuitlibel project;INBO:MEETNET:LOCATION:002738;Europe;BE;Catselt;coordinates are centroid of used grid square;51.00640;5.03116;3536;WGS84
Event;en;http://creativecommons.org/publicdomain/zero/1.0/;INBO;https://www.inbo.be/en/norms-data-use;https://doi.org/10.15468/crbudg;Meetnetten.be - Population count for dragonflies in Flanders, Belgium;INBO;INBO:MEETNET:VISITID:000156;original locations available upon request;coordinates are generalized from a POLYGON to a UTM 5km grid;INBO:MEETNET:EVENT:001073;dragonfly population count;2016-06-23;data collected in the Gevlekte witsnuitlibel project;INBO:MEETNET:LOCATION:002750;Europe;BE;Wik;coordinates are centroid of used grid square;50.95327;5.45602;3536;WGS84
Event;en;http://creativecommons.org/publicdomain/zero/1.0/;INBO;https://www.inbo.be/en/norms-data-use;https://doi.org/10.15468/crbudg;Meetnetten.be - Population count for dragonflies in Flanders, Belgium;INBO;INBO:MEETNET:VISITID:000169;original locations available upon request;coordinates are generalized from a POLYGON to a UTM 5km grid;INBO:MEETNET:EVENT:001185;dragonfly population count;2016-06-07;data collected in the Gevlekte witsnuitlibel project;INBO:MEETNET:LOCATION:002745;Europe;BE;Buitengoor;coordinates are centroid of used grid square;51.22848;5.18416;3536;WGS84
Event;en;http://creativecommons.org/publicdomain/zero/1.0/;INBO;https://www.inbo.be/en/norms-data-use;https://doi.org/10.15468/crbudg;Meetnetten.be - Population count for dragonflies in Flanders, Belgium;INBO;INBO:MEETNET:VISITID:000170;original locations available upon request;coordinates are generalized from a POLYGON to a UTM 5km grid;INBO:MEETNET:EVENT:001187;dragonfly population count;2016-06-22;data collected in the Gevlekte witsnuitlibel project;INBO:MEETNET:LOCATION:002745;Europe;BE;Buitengoor;coordinates are centroid of used grid square;51.22848;5.18416;3536;WGS84
Event;en;http://creativecommons.org/publicdomain/zero/1.0/;INBO;https://www.inbo.be/en/norms-data-use;https://doi.org/10.15468/crbudg;Meetnetten.be - Population count for dragonflies in Flanders, Belgium;INBO;INBO:MEETNET:VISITID:000171;original locations available upon request;coordinates are generalized from a POLYGON to a UTM 5km grid;INBO:MEETNET:EVENT:001189;dragonfly population count;2016-06-07;data collected in the Gevlekte witsnuitlibel project;INBO:MEETNET:LOCATION:002746;Europe;BE;Maat Klein Verkaillen;coordinates are centroid of used grid square;51.22848;5.18416;3536;WGS84
Event;en;http://creativecommons.org/publicdomain/zero/1.0/;INBO;https://www.inbo.be/en/norms-data-use;https://doi.org/10.15468/crbudg;Meetnetten.be - Population count for dragonflies in Flanders, Belgium;INBO;INBO:MEETNET:VISITID:000172;original locations available upon request;coordinates are generalized from a POLYGON to a UTM 5km grid;INBO:MEETNET:EVENT:001191;dragonfly population count;2016-06-22;data collected in the Gevlekte witsnuitlibel project;INBO:MEETNET:LOCATION:002746;Europe;BE;Maat Klein Verkaillen;coordinates are centroid of used grid square;51.22848;5.18416;3536;WGS84
Event;en;http://creativecommons.org/publicdomain/zero/1.0/;INBO;https://www.inbo.be/en/norms-data-use;https://doi.org/10.15468/crbudg;Meetnetten.be - Population count for dragonflies in Flanders, Belgium;INBO;INBO:MEETNET:VISITID:000174;original locations available upon request;coordinates are generalized from a POLYGON to a UTM 5km grid;INBO:MEETNET:EVENT:001195;dragonfly population count;2016-06-10;data collected in the Gevlekte witsnuitlibel project;INBO:MEETNET:LOCATION:002744;Europe;BE;Ronde Put;coordinates are centroid of used grid square;51.27341;5.18629;3536;WGS84
Event;en;http://creativecommons.org/publicdomain/zero/1.0/;INBO;https://www.inbo.be/en/norms-data-use;https://doi.org/10.15468/crbudg;Meetnetten.be - Population count for dragonflies in Flanders, Belgium;INBO;INBO:MEETNET:VISITID:000175;original locations available upon request;coordinates are generalized from a POLYGON to a UTM 5km grid;INBO:MEETNET:EVENT:001197;dragonfly population count;2016-06-22;data collected in the Gevlekte witsnuitlibel project;INBO:MEETNET:LOCATION:002744;Europe;BE;Ronde Put;coordinates are centroid of used grid square;51.27341;5.18629;3536;WGS84
Event;en;http://creativecommons.org/publicdomain/zero/1.0/;INBO;https://www.inbo.be/en/norms-data-use;https://doi.org/10.15468/crbudg;Meetnetten.be - Population count for dragonflies in Flanders, Belgium;INBO;INBO:MEETNET:VISITID:000201;original locations available upon request;coordinates are generalized from a POLYGON to a UTM 5km grid;INBO:MEETNET:EVENT:001238;dragonfly population count;2016-07-03;data collected in the Gevlekte witsnuitlibel project;INBO:MEETNET:LOCATION:002743;Europe;BE;Zegge;coordinates are centroid of used grid square;51.18736;4.96756;3536;WGS84
Event;en;http://creativecommons.org/publicdomain/zero/1.0/;INBO;https://www.inbo.be/en/norms-data-use;https://doi.org/10.15468/crbudg;Meetnetten.be - Population count for dragonflies in Flanders, Belgium;INBO;INBO:MEETNET:VISITID:000202;original locations available upon request;coordinates are generalized from a POLYGON to a UTM 5km grid;INBO:MEETNET:EVENT:001240;dragonfly population count;2016-07-04;data collected in the Gevlekte witsnuitlibel project;INBO:MEETNET:LOCATION:002741;Europe;BE;Grobbendonk Engels Kamp sectie 15;coordinates are centroid of used grid square;51.19077;4.75303;3536;WGS84
Event;en;http://creativecommons.org/publicdomain/zero/1.0/;INBO;https://www.inbo.be/en/norms-data-use;https://doi.org/10.15468/crbudg;Meetnetten.be - Population count for dragonflies in Flanders, Belgium;INBO;INBO:MEETNET:VISITID:000537;original locations available upon request;coordinates are generalized from a POLYGON to a UTM 5km grid;INBO:MEETNET:EVENT:003598;dragonfly population count;2016-09-03;data collected in the Kempense heidelibel project;INBO:MEETNET:LOCATION:002725;Europe;BE;Hageven noord Stenen brug;coordinates are centroid of used grid square;51.26920;5.40115;3536;WGS84
Event;en;http://creativecommons.org/publicdomain/zero/1.0/;INBO;https://www.inbo.be/en/norms-data-use;https://doi.org/10.15468/crbudg;Meetnetten.be - Population count for dragonflies in Flanders, Belgium;INBO;INBO:MEETNET:VISITID:000848;original locations available upon request;coordinates are generalized from a POLYGON to a UTM 5km grid;INBO:MEETNET:EVENT:005402;dragonfly population count;2016-08-17;data collected in the Kempense heidelibel project;INBO:MEETNET:LOCATION:002725;Europe;BE;Hageven noord Stenen brug;coordinates are centroid of used grid square;51.26920;5.40115;3536;WGS84
Event;en;http://creativecommons.org/publicdomain/zero/1.0/;INBO;https://www.inbo.be/en/norms-data-use;https://doi.org/10.15468/crbudg;Meetnetten.be - Population count for dragonflies in Flanders, Belgium;INBO;INBO:MEETNET:VISITID:000538;original locations available upon request;coordinates are generalized from a POLYGON to a UTM 5km grid;INBO:MEETNET:EVENT:003600;dragonfly population count;2016-08-27;data collected in the Kempense heidelibel project;INBO:MEETNET:LOCATION:002726;Europe;BE;Hageven Hageven;coordinates are centroid of used grid square;51.26920;5.40115;3536;WGS84
Event;en;http://creativecommons.org/publicdomain/zero/1.0/;INBO;https://www.inbo.be/en/norms-data-use;https://doi.org/10.15468/crbudg;Meetnetten.be - Population count for dragonflies in Flanders, Belgium;INBO;INBO:MEETNET:VISITID:000516;original locations available upon request;coordinates are generalized from a POLYGON to a UTM 5km grid;INBO:MEETNET:EVENT:003418;dragonfly population count;2016-08-13;data collected in the Kempense heidelibel project;INBO:MEETNET:LOCATION:002726;Europe;BE;Hageven Hageven;coordinates are centroid of used grid square;51.26920;5.40115;3536;WGS84
Event;en;http://creativecommons.org/publicdomain/zero/1.0/;INBO;https://www.inbo.be/en/norms-data-use;https://doi.org/10.15468/crbudg;Meetnetten.be - Population count for dragonflies in Flanders, Belgium;INBO;INBO:MEETNET:VISITID:000517;original locations available upon request;coordinates are generalized from a POLYGON to a UTM 5km grid;INBO:MEETNET:EVENT:003420;dragonfly population count;2016-08-23;data collected in the Kempense heidelibel project;INBO:MEETNET:LOCATION:002726;Europe;BE;Hageven Hageven;coordinates are centroid of used grid square;51.26920;5.40115;3536;WGS84
Event;en;http://creativecommons.org/publicdomain/zero/1.0/;INBO;https://www.inbo.be/en/norms-data-use;https://doi.org/10.15468/crbudg;Meetnetten.be - Population count for dragonflies in Flanders, Belgium;INBO;INBO:MEETNET:VISITID:000518;original locations available upon request;coordinates are generalized from a POLYGON to a UTM 5km grid;INBO:MEETNET:EVENT:003422;dragonfly population count;2016-08-28;data collected in the Kempense heidelibel project;INBO:MEETNET:LOCATION:002726;Europe;BE;Hageven Hageven;coordinates are centroid of used grid square;51.26920;5.40115;3536;WGS84
Event;en;http://creativecommons.org/publicdomain/zero/1.0/;INBO;https://www.inbo.be/en/norms-data-use;https://doi.org/10.15468/crbudg;Meetnetten.be - Population count for dragonflies in Flanders, Belgium;INBO;INBO:MEETNET:VISITID:000534;original locations available upon request;coordinates are generalized from a POLYGON to a UTM 5km grid;INBO:MEETNET:EVENT:003592;dragonfly population count;2016-09-01;data collected in the Kempense heidelibel project;INBO:MEETNET:LOCATION:002726;Europe;BE;Hageven Hageven;coordinates are centroid of used grid square;51.26920;5.40115;3536;WGS84
Event;en;http://creativecommons.org/publicdomain/zero/1.0/;INBO;https://www.inbo.be/en/norms-data-use;https://doi.org/10.15468/crbudg;Meetnetten.be - Population count for dragonflies in Flanders, Belgium;INBO;INBO:MEETNET:VISITID:000472;original locations available upon request;coordinates are generalized from a POLYGON to a UTM 5km grid;INBO:MEETNET:EVENT:003169;dragonfly population count;2016-08-07;data collected in the Kempense heidelibel project;INBO:MEETNET:LOCATION:002727;Europe;BE;Wijvenheide noord;coordinates are centroid of used grid square;51.00110;5.31600;3536;WGS84
Event;en;http://creativecommons.org/publicdomain/zero/1.0/;INBO;https://www.inbo.be/en/norms-data-use;https://doi.org/10.15468/crbudg;Meetnetten.be - Population count for dragonflies in Flanders, Belgium;INBO;INBO:MEETNET:VISITID:000473;original locations available upon request;coordinates are generalized from a POLYGON to a UTM 5km grid;INBO:MEETNET:EVENT:003171;dragonfly population count;2016-08-17;data collected in the Kempense heidelibel project;INBO:MEETNET:LOCATION:002727;Europe;BE;Wijvenheide noord;coordinates are centroid of used grid square;51.00110;5.31600;3536;WGS84
Event;en;http://creativecommons.org/publicdomain/zero/1.0/;INBO;https://www.inbo.be/en/norms-data-use;https://doi.org/10.15468/crbudg;Meetnetten.be - Population count for dragonflies in Flanders, Belgium;INBO;INBO:MEETNET:VISITID:000474;original locations available upon request;coordinates are generalized from a POLYGON to a UTM 5km grid;INBO:MEETNET:EVENT:003173;dragonfly population count;2016-08-01;data collected in the Kempense heidelibel project;INBO:MEETNET:LOCATION:002728;Europe;BE;Wijvenheide zuid;coordinates are centroid of used grid square;51.00110;5.31600;3536;WGS84
Event;en;http://creativecommons.org/publicdomain/zero/1.0/;INBO;https://www.inbo.be/en/norms-data-use;https://doi.org/10.15468/crbudg;Meetnetten.be - Population count for dragonflies in Flanders, Belgium;INBO;INBO:MEETNET:VISITID:000475;original locations available upon request;coordinates are generalized from a POLYGON to a UTM 5km grid;INBO:MEETNET:EVENT:003175;dragonfly population count;2016-08-19;data collected in the Kempense heidelibel project;INBO:MEETNET:LOCATION:002728;Europe;BE;Wijvenheide zuid;coordinates are centroid of used grid square;51.00110;5.31600;3536;WGS84
Event;en;http://creativecommons.org/publicdomain/zero/1.0/;INBO;https://www.inbo.be/en/norms-data-use;https://doi.org/10.15468/crbudg;Meetnetten.be - Population count for dragonflies in Flanders, Belgium;INBO;INBO:MEETNET:VISITID:000476;original locations available upon request;coordinates are generalized from a POLYGON to a UTM 5km grid;INBO:MEETNET:EVENT:003177;dragonfly population count;2016-08-19;data collected in the Kempense heidelibel project;INBO:MEETNET:LOCATION:002729;Europe;BE;Platwijers grote wijer;coordinates are centroid of used grid square;50.95617;5.31377;3536;WGS84
Event;en;http://creativecommons.org/publicdomain/zero/1.0/;INBO;https://www.inbo.be/en/norms-data-use;https://doi.org/10.15468/crbudg;Meetnetten.be - Population count for dragonflies in Flanders, Belgium;INBO;INBO:MEETNET:VISITID:000477;original locations available upon request;coordinates are generalized from a POLYGON to a UTM 5km grid;INBO:MEETNET:EVENT:003179;dragonfly population count;2016-08-01;data collected in the Kempense heidelibel project;INBO:MEETNET:LOCATION:002729;Europe;BE;Platwijers grote wijer;coordinates are centroid of used grid square;50.95617;5.31377;3536;WGS84
Event;en;http://creativecommons.org/publicdomain/zero/1.0/;INBO;https://www.inbo.be/en/norms-data-use;https://doi.org/10.15468/crbudg;Meetnetten.be - Population count for dragonflies in Flanders, Belgium;INBO;INBO:MEETNET:VISITID:000405;original locations available upon request;coordinates are generalized from a POLYGON to a UTM 5km grid;INBO:MEETNET:EVENT:002338;dragonfly population count;2016-08-07;data collected in the Kempense heidelibel project;INBO:MEETNET:LOCATION:002730;Europe;BE;Bankei Grote Netewoud;coordinates are centroid of used grid square;51.18220;5.25352;3536;WGS84
Event;en;http://creativecommons.org/publicdomain/zero/1.0/;INBO;https://www.inbo.be/en/norms-data-use;https://doi.org/10.15468/crbudg;Meetnetten.be - Population count for dragonflies in Flanders, Belgium;INBO;INBO:MEETNET:VISITID:000452;original locations available upon request;coordinates are generalized from a POLYGON to a UTM 5km grid;INBO:MEETNET:EVENT:002982;dragonfly population count;2016-08-17;data collected in the Kempense heidelibel project;INBO:MEETNET:LOCATION:002730;Europe;BE;Bankei Grote Netewoud;coordinates are centroid of used grid square;51.18220;5.25352;3536;WGS84
Event;en;http://creativecommons.org/publicdomain/zero/1.0/;INBO;https://www.inbo.be/en/norms-data-use;https://doi.org/10.15468/crbudg;Meetnetten.be - Population count for dragonflies in Flanders, Belgium;INBO;INBO:MEETNET:VISITID:000082;original locations available upon request;coordinates are generalized from a POLYGON to a UTM 10km grid;INBO:MEETNET:EVENT:000624;dragonfly population count;2016-05-28;data collected in the Maanwaterjuffer project;INBO:MEETNET:LOCATION:002731;Europe;BE;Kleine Ruiterskuilen;coordinates are centroid of used grid square;51.01990;5.49519;7071;WGS84
Event;en;http://creativecommons.org/publicdomain/zero/1.0/;INBO;https://www.inbo.be/en/norms-data-use;https://doi.org/10.15468/crbudg;Meetnetten.be - Population count for dragonflies in Flanders, Belgium;INBO;INBO:MEETNET:VISITID:000029;original locations available upon request;coordinates are generalized from a POLYGON to a UTM 10km grid;INBO:MEETNET:EVENT:000159;dragonfly population count;2016-05-07;data collected in the Maanwaterjuffer project;INBO:MEETNET:LOCATION:002731;Europe;BE;Kleine Ruiterskuilen;coordinates are centroid of used grid square;51.01990;5.49519;7071;WGS84
Event;en;http://creativecommons.org/publicdomain/zero/1.0/;INBO;https://www.inbo.be/en/norms-data-use;https://doi.org/10.15468/crbudg;Meetnetten.be - Population count for dragonflies in Flanders, Belgium;INBO;INBO:MEETNET:VISITID:000028;original locations available upon request;coordinates are generalized from a POLYGON to a UTM 10km grid;INBO:MEETNET:EVENT:000158;dragonfly population count;2016-05-09;data collected in the Maanwaterjuffer project;INBO:MEETNET:LOCATION:002732;Europe;BE;Zwart water ven ten noorden;coordinates are centroid of used grid square;51.39017;4.94031;7071;WGS84
Event;en;http://creativecommons.org/publicdomain/zero/1.0/;INBO;https://www.inbo.be/en/norms-data-use;https://doi.org/10.15468/crbudg;Meetnetten.be - Population count for dragonflies in Flanders, Belgium;INBO;INBO:MEETNET:VISITID:000053;original locations available upon request;coordinates are generalized from a POLYGON to a UTM 10km grid;INBO:MEETNET:EVENT:000428;dragonfly population count;2016-05-21;data collected in the Maanwaterjuffer project;INBO:MEETNET:LOCATION:002732;Europe;BE;Zwart water ven ten noorden;coordinates are centroid of used grid square;51.39017;4.94031;7071;WGS84
Event;en;http://creativecommons.org/publicdomain/zero/1.0/;INBO;https://www.inbo.be/en/norms-data-use;https://doi.org/10.15468/crbudg;Meetnetten.be - Population count for dragonflies in Flanders, Belgium;INBO;INBO:MEETNET:VISITID:001028;original locations available upon request;coordinates are generalized from a POLYGON to a UTM 10km grid;INBO:MEETNET:EVENT:006445;dragonfly population count;2017-04-30;data collected in the Maanwaterjuffer project;INBO:MEETNET:LOCATION:002732;Europe;BE;Zwart water ven ten noorden;coordinates are centroid of used grid square;51.39017;4.94031;7071;WGS84
Event;en;http://creativecommons.org/publicdomain/zero/1.0/;INBO;https://www.inbo.be/en/norms-data-use;https://doi.org/10.15468/crbudg;Meetnetten.be - Population count for dragonflies in Flanders, Belgium;INBO;INBO:MEETNET:VISITID:001068;original locations available upon request;coordinates are generalized from a POLYGON to a UTM 10km grid;INBO:MEETNET:EVENT:006676;dragonfly population count;2017-05-09;data collected in the Maanwaterjuffer project;INBO:MEETNET:LOCATION:002732;Europe;BE;Zwart water ven ten noorden;coordinates are centroid of used grid square;51.39017;4.94031;7071;WGS84
Event;en;http://creativecommons.org/publicdomain/zero/1.0/;INBO;https://www.inbo.be/en/norms-data-use;https://doi.org/10.15468/crbudg;Meetnetten.be - Population count for dragonflies in Flanders, Belgium;INBO;INBO:MEETNET:VISITID:001073;original locations available upon request;coordinates are generalized from a POLYGON to a UTM 10km grid;INBO:MEETNET:EVENT:006686;dragonfly population count;2017-05-10;data collected in the Maanwaterjuffer project;INBO:MEETNET:LOCATION:002733;Europe;BE;Kalmthoutse Heide Pluisven;coordinates are centroid of used grid square;51.39651;4.50931;7071;WGS84
Event;en;http://creativecommons.org/publicdomain/zero/1.0/;INBO;https://www.inbo.be/en/norms-data-use;https://doi.org/10.15468/crbudg;Meetnetten.be - Population count for dragonflies in Flanders, Belgium;INBO;INBO:MEETNET:VISITID:000073;original locations available upon request;coordinates are generalized from a POLYGON to a UTM 10km grid;INBO:MEETNET:EVENT:000564;dragonfly population count;2016-05-28;data collected in the Maanwaterjuffer project;INBO:MEETNET:LOCATION:002733;Europe;BE;Kalmthoutse Heide Pluisven;coordinates are centroid of used grid square;51.39651;4.50931;7071;WGS84
Event;en;http://creativecommons.org/publicdomain/zero/1.0/;INBO;https://www.inbo.be/en/norms-data-use;https://doi.org/10.15468/crbudg;Meetnetten.be - Population count for dragonflies in Flanders, Belgium;INBO;INBO:MEETNET:VISITID:000038;original locations available upon request;coordinates are generalized from a POLYGON to a UTM 10km grid;INBO:MEETNET:EVENT:000244;dragonfly population count;2016-05-13;data collected in the Maanwaterjuffer project;INBO:MEETNET:LOCATION:002733;Europe;BE;Kalmthoutse Heide Pluisven;coordinates are centroid of used grid square;51.39651;4.50931;7071;WGS84
Event;en;http://creativecommons.org/publicdomain/zero/1.0/;INBO;https://www.inbo.be/en/norms-data-use;https://doi.org/10.15468/crbudg;Meetnetten.be - Population count for dragonflies in Flanders, Belgium;INBO;INBO:MEETNET:VISITID:000023;original locations available upon request;coordinates are generalized from a POLYGON to a UTM 10km grid;INBO:MEETNET:EVENT:000117;dragonfly population count;2016-05-06;data collected in the Maanwaterjuffer project;INBO:MEETNET:LOCATION:002733;Europe;BE;Kalmthoutse Heide Pluisven;coordinates are centroid of used grid square;51.39651;4.50931;7071;WGS84
Event;en;http://creativecommons.org/publicdomain/zero/1.0/;INBO;https://www.inbo.be/en/norms-data-use;https://doi.org/10.15468/crbudg;Meetnetten.be - Population count for dragonflies in Flanders, Belgium;INBO;INBO:MEETNET:VISITID:000035;original locations available upon request;coordinates are generalized from a POLYGON to a UTM 10km grid;INBO:MEETNET:EVENT:000231;dragonfly population count;2016-05-11;data collected in the Maanwaterjuffer project;INBO:MEETNET:LOCATION:002734;Europe;BE;Klein Schietveld noord;coordinates are centroid of used grid square;51.39651;4.50931;7071;WGS84
Event;en;http://creativecommons.org/publicdomain/zero/1.0/;INBO;https://www.inbo.be/en/norms-data-use;https://doi.org/10.15468/crbudg;Meetnetten.be - Population count for dragonflies in Flanders, Belgium;INBO;INBO:MEETNET:VISITID:000069;original locations available upon request;coordinates are generalized from a POLYGON to a UTM 10km grid;INBO:MEETNET:EVENT:000526;dragonfly population count;2016-05-27;data collected in the Maanwaterjuffer project;INBO:MEETNET:LOCATION:002734;Europe;BE;Klein Schietveld noord;coordinates are centroid of used grid square;51.39651;4.50931;7071;WGS84
Event;en;http://creativecommons.org/publicdomain/zero/1.0/;INBO;https://www.inbo.be/en/norms-data-use;https://doi.org/10.15468/crbudg;Meetnetten.be - Population count for dragonflies in Flanders, Belgium;INBO;INBO:MEETNET:VISITID:000040;original locations available upon request;coordinates are generalized from a POLYGON to a UTM 10km grid;INBO:MEETNET:EVENT:000246;dragonfly population count;2016-05-13;data collected in the Maanwaterjuffer project;INBO:MEETNET:LOCATION:002734;Europe;BE;Klein Schietveld noord;coordinates are centroid of used grid square;51.39651;4.50931;7071;WGS84
Event;en;http://creativecommons.org/publicdomain/zero/1.0/;INBO;https://www.inbo.be/en/norms-data-use;https://doi.org/10.15468/crbudg;Meetnetten.be - Population count for dragonflies in Flanders, Belgium;INBO;INBO:MEETNET:VISITID:000024;original locations available upon request;coordinates are generalized from a POLYGON to a UTM 10km grid;INBO:MEETNET:EVENT:000118;dragonfly population count;2016-05-06;data collected in the Maanwaterjuffer project;INBO:MEETNET:LOCATION:002734;Europe;BE;Klein Schietveld noord;coordinates are centroid of used grid square;51.39651;4.50931;7071;WGS84
Event;en;http://creativecommons.org/publicdomain/zero/1.0/;INBO;https://www.inbo.be/en/norms-data-use;https://doi.org/10.15468/crbudg;Meetnetten.be - Population count for dragonflies in Flanders, Belgium;INBO;INBO:MEETNET:VISITID:000039;original locations available upon request;coordinates are generalized from a POLYGON to a UTM 10km grid;INBO:MEETNET:EVENT:000245;dragonfly population count;2016-05-13;data collected in the Maanwaterjuffer project;INBO:MEETNET:LOCATION:002735;Europe;BE;Klein Schietveld midden;coordinates are centroid of used grid square;51.39651;4.50931;7071;WGS84
Event;en;http://creativecommons.org/publicdomain/zero/1.0/;INBO;https://www.inbo.be/en/norms-data-use;https://doi.org/10.15468/crbudg;Meetnetten.be - Population count for dragonflies in Flanders, Belgium;INBO;INBO:MEETNET:VISITID:000054;original locations available upon request;coordinates are generalized from a POLYGON to a UTM 10km grid;INBO:MEETNET:EVENT:000430;dragonfly population count;2016-05-11;data collected in the Maanwaterjuffer project;INBO:MEETNET:LOCATION:002735;Europe;BE;Klein Schietveld midden;coordinates are centroid of used grid square;51.39651;4.50931;7071;WGS84
Event;en;http://creativecommons.org/publicdomain/zero/1.0/;INBO;https://www.inbo.be/en/norms-data-use;https://doi.org/10.15468/crbudg;Meetnetten.be - Population count for dragonflies in Flanders, Belgium;INBO;INBO:MEETNET:VISITID:000070;original locations available upon request;coordinates are generalized from a POLYGON to a UTM 10km grid;INBO:MEETNET:EVENT:000528;dragonfly population count;2016-05-27;data collected in the Maanwaterjuffer project;INBO:MEETNET:LOCATION:002735;Europe;BE;Klein Schietveld midden;coordinates are centroid of used grid square;51.39651;4.50931;7071;WGS84
Event;en;http://creativecommons.org/publicdomain/zero/1.0/;INBO;https://www.inbo.be/en/norms-data-use;https://doi.org/10.15468/crbudg;Meetnetten.be - Population count for dragonflies in Flanders, Belgium;INBO;INBO:MEETNET:VISITID:000025;original locations available upon request;coordinates are generalized from a POLYGON to a UTM 10km grid;INBO:MEETNET:EVENT:000119;dragonfly population count;2016-05-06;data collected in the Maanwaterjuffer project;INBO:MEETNET:LOCATION:002735;Europe;BE;Klein Schietveld midden;coordinates are centroid of used grid square;51.39651;4.50931;7071;WGS84
Event;en;http://creativecommons.org/publicdomain/zero/1.0/;INBO;https://www.inbo.be/en/norms-data-use;https://doi.org/10.15468/crbudg;Meetnetten.be - Population count for dragonflies in Flanders, Belgium;INBO;INBO:MEETNET:VISITID:001074;original locations available upon request;coordinates are generalized from a POLYGON to a UTM 10km grid;INBO:MEETNET:EVENT:006687;dragonfly population count;2017-05-10;data collected in the Maanwaterjuffer project;INBO:MEETNET:LOCATION:002735;Europe;BE;Klein Schietveld midden;coordinates are centroid of used grid square;51.39651;4.50931;7071;WGS84
Event;en;http://creativecommons.org/publicdomain/zero/1.0/;INBO;https://www.inbo.be/en/norms-data-use;https://doi.org/10.15468/crbudg;Meetnetten.be - Population count for dragonflies in Flanders, Belgium;INBO;INBO:MEETNET:VISITID:001055;original locations available upon request;coordinates are generalized from a POLYGON to a UTM 10km grid;INBO:MEETNET:EVENT:006615;dragonfly population count;2017-05-06;data collected in the Maanwaterjuffer project;INBO:MEETNET:LOCATION:002736;Europe;BE;Groot Schietveld midden;coordinates are centroid of used grid square;51.30662;4.50636;7071;WGS84
Event;en;http://creativecommons.org/publicdomain/zero/1.0/;INBO;https://www.inbo.be/en/norms-data-use;https://doi.org/10.15468/crbudg;Meetnetten.be - Population count for dragonflies in Flanders, Belgium;INBO;INBO:MEETNET:VISITID:000019;original locations available upon request;coordinates are generalized from a POLYGON to a UTM 10km grid;INBO:MEETNET:EVENT:000075;dragonfly population count;2016-05-05;data collected in the Maanwaterjuffer project;INBO:MEETNET:LOCATION:002736;Europe;BE;Groot Schietveld midden;coordinates are centroid of used grid square;51.30662;4.50636;7071;WGS84
Event;en;http://creativecommons.org/publicdomain/zero/1.0/;INBO;https://www.inbo.be/en/norms-data-use;https://doi.org/10.15468/crbudg;Meetnetten.be - Population count for dragonflies in Flanders, Belgium;INBO;INBO:MEETNET:VISITID:000056;original locations available upon request;coordinates are generalized from a POLYGON to a UTM 10km grid;INBO:MEETNET:EVENT:000433;dragonfly population count;2016-05-26;data collected in the Maanwaterjuffer project;INBO:MEETNET:LOCATION:002736;Europe;BE;Groot Schietveld midden;coordinates are centroid of used grid square;51.30662;4.50636;7071;WGS84
Event;en;http://creativecommons.org/publicdomain/zero/1.0/;INBO;https://www.inbo.be/en/norms-data-use;https://doi.org/10.15468/crbudg;Meetnetten.be - Population count for dragonflies in Flanders, Belgium;INBO;INBO:MEETNET:VISITID:000594;original locations available upon request;coordinates are generalized from a POLYGON to a UTM 5km grid;INBO:MEETNET:EVENT:003968;dragonfly population count;2016-07-04;data collected in the Gevlekte witsnuitlibel project;INBO:MEETNET:LOCATION:002737;Europe;BE;Wortel Kolonie;coordinates are centroid of used grid square;51.41436;4.83347;3536;WGS84
Event;en;http://creativecommons.org/publicdomain/zero/1.0/;INBO;https://www.inbo.be/en/norms-data-use;https://doi.org/10.15468/crbudg;Meetnetten.be - Population count for dragonflies in Flanders, Belgium;INBO;INBO:MEETNET:VISITID:000203;original locations available upon request;coordinates are generalized from a POLYGON to a UTM 5km grid;INBO:MEETNET:EVENT:001242;dragonfly population count;2016-07-04;data collected in the Gevlekte witsnuitlibel project;INBO:MEETNET:LOCATION:002739;Europe;BE;Langdonken 1;coordinates are centroid of used grid square;51.00879;4.88871;3536;WGS84
Event;en;http://creativecommons.org/publicdomain/zero/1.0/;INBO;https://www.inbo.be/en/norms-data-use;https://doi.org/10.15468/crbudg;Meetnetten.be - Population count for dragonflies in Flanders, Belgium;INBO;INBO:MEETNET:VISITID:000204;original locations available upon request;coordinates are generalized from a POLYGON to a UTM 5km grid;INBO:MEETNET:EVENT:001244;dragonfly population count;2016-07-04;data collected in the Gevlekte witsnuitlibel project;INBO:MEETNET:LOCATION:002740;Europe;BE;Langdonken 2;coordinates are centroid of used grid square;51.00879;4.88871;3536;WGS84
Event;en;http://creativecommons.org/publicdomain/zero/1.0/;INBO;https://www.inbo.be/en/norms-data-use;https://doi.org/10.15468/crbudg;Meetnetten.be - Population count for dragonflies in Flanders, Belgium;INBO;INBO:MEETNET:VISITID:000578;original locations available upon request;coordinates are generalized from a POLYGON to a UTM 5km grid;INBO:MEETNET:EVENT:003930;dragonfly population count;2016-06-19;data collected in the Gevlekte witsnuitlibel project;INBO:MEETNET:LOCATION:002747;Europe;BE;Sluisbeemden;coordinates are centroid of used grid square;50.90982;5.38260;3536;WGS84
Event;en;http://creativecommons.org/publicdomain/zero/1.0/;INBO;https://www.inbo.be/en/norms-data-use;https://doi.org/10.15468/crbudg;Meetnetten.be - Population count for dragonflies in Flanders, Belgium;INBO;INBO:MEETNET:VISITID:000281;original locations available upon request;coordinates are generalized from a POLYGON to a UTM 5km grid;INBO:MEETNET:EVENT:001671;dragonfly population count;2016-06-14;data collected in the Gevlekte witsnuitlibel project;INBO:MEETNET:LOCATION:002748;Europe;BE;Vallei van de zijpbeek slaaphuis;coordinates are centroid of used grid square;50.94858;5.66935;3536;WGS84
Event;en;http://creativecommons.org/publicdomain/zero/1.0/;INBO;https://www.inbo.be/en/norms-data-use;https://doi.org/10.15468/crbudg;Meetnetten.be - Population count for dragonflies in Flanders, Belgium;INBO;INBO:MEETNET:VISITID:000282;original locations available upon request;coordinates are generalized from a POLYGON to a UTM 5km grid;INBO:MEETNET:EVENT:001673;dragonfly population count;2016-06-22;data collected in the Gevlekte witsnuitlibel project;INBO:MEETNET:LOCATION:002748;Europe;BE;Vallei van de zijpbeek slaaphuis;coordinates are centroid of used grid square;50.94858;5.66935;3536;WGS84
Event;en;http://creativecommons.org/publicdomain/zero/1.0/;INBO;https://www.inbo.be/en/norms-data-use;https://doi.org/10.15468/crbudg;Meetnetten.be - Population count for dragonflies in Flanders, Belgium;INBO;INBO:MEETNET:VISITID:000286;original locations available upon request;coordinates are generalized from a POLYGON to a UTM 5km grid;INBO:MEETNET:EVENT:001681;dragonfly population count;2016-06-11;data collected in the Gevlekte witsnuitlibel project;INBO:MEETNET:LOCATION:002751;Europe;BE;Turfven;coordinates are centroid of used grid square;51.04159;5.53202;3536;WGS84
Event;en;http://creativecommons.org/publicdomain/zero/1.0/;INBO;https://www.inbo.be/en/norms-data-use;https://doi.org/10.15468/crbudg;Meetnetten.be - Population count for dragonflies in Flanders, Belgium;INBO;INBO:MEETNET:VISITID:000284;original locations available upon request;coordinates are generalized from a POLYGON to a UTM 5km grid;INBO:MEETNET:EVENT:001677;dragonfly population count;2016-06-11;data collected in the Gevlekte witsnuitlibel project;INBO:MEETNET:LOCATION:002752;Europe;BE;Kleine Ruiterskuilen;coordinates are centroid of used grid square;51.04159;5.53202;3536;WGS84
Event;en;http://creativecommons.org/publicdomain/zero/1.0/;INBO;https://www.inbo.be/en/norms-data-use;https://doi.org/10.15468/crbudg;Meetnetten.be - Population count for dragonflies in Flanders, Belgium;INBO;INBO:MEETNET:VISITID:000591;original locations available upon request;coordinates are generalized from a POLYGON to a UTM 5km grid;INBO:MEETNET:EVENT:003962;dragonfly population count;2016-06-19;data collected in the Gevlekte witsnuitlibel project;INBO:MEETNET:LOCATION:002753;Europe;BE;Tenhaagdoornheide;coordinates are centroid of used grid square;50.99967;5.38720;3536;WGS84
Event;en;http://creativecommons.org/publicdomain/zero/1.0/;INBO;https://www.inbo.be/en/norms-data-use;https://doi.org/10.15468/crbudg;Meetnetten.be - Population count for dragonflies in Flanders, Belgium;INBO;INBO:MEETNET:VISITID:000588;original locations available upon request;coordinates are generalized from a POLYGON to a UTM 5km grid;INBO:MEETNET:EVENT:003956;dragonfly population count;2016-06-07;data collected in the Gevlekte witsnuitlibel project;INBO:MEETNET:LOCATION:002753;Europe;BE;Tenhaagdoornheide;coordinates are centroid of used grid square;50.99967;5.38720;3536;WGS84
Event;en;http://creativecommons.org/publicdomain/zero/1.0/;INBO;https://www.inbo.be/en/norms-data-use;https://doi.org/10.15468/crbudg;Meetnetten.be - Population count for dragonflies in Flanders, Belgium;INBO;INBO:MEETNET:VISITID:000589;original locations available upon request;coordinates are generalized from a POLYGON to a UTM 5km grid;INBO:MEETNET:EVENT:003958;dragonfly population count;2016-06-07;data collected in the Gevlekte witsnuitlibel project;INBO:MEETNET:LOCATION:002754;Europe;BE;Tenhaagdoornheide Huttebeek Hellebroekvijvers;coordinates are centroid of used grid square;51.04311;5.46077;3536;WGS84
Event;en;http://creativecommons.org/publicdomain/zero/1.0/;INBO;https://www.inbo.be/en/norms-data-use;https://doi.org/10.15468/crbudg;Meetnetten.be - Population count for dragonflies in Flanders, Belgium;INBO;INBO:MEETNET:VISITID:000590;original locations available upon request;coordinates are generalized from a POLYGON to a UTM 5km grid;INBO:MEETNET:EVENT:003960;dragonfly population count;2016-06-19;data collected in the Gevlekte witsnuitlibel project;INBO:MEETNET:LOCATION:002754;Europe;BE;Tenhaagdoornheide Huttebeek Hellebroekvijvers;coordinates are centroid of used grid square;51.04311;5.46077;3536;WGS84
Event;en;http://creativecommons.org/publicdomain/zero/1.0/;INBO;https://www.inbo.be/en/norms-data-use;https://doi.org/10.15468/crbudg;Meetnetten.be - Population count for dragonflies in Flanders, Belgium;INBO;INBO:MEETNET:VISITID:000252;original locations available upon request;coordinates are generalized from a POLYGON to a UTM 5km grid;INBO:MEETNET:EVENT:001324;dragonfly population count;2016-06-14;data collected in the Gevlekte witsnuitlibel project;INBO:MEETNET:LOCATION:002755;Europe;BE;Asbeek;coordinates are centroid of used grid square;50.90527;5.59574;3536;WGS84
Event;en;http://creativecommons.org/publicdomain/zero/1.0/;INBO;https://www.inbo.be/en/norms-data-use;https://doi.org/10.15468/crbudg;Meetnetten.be - Population count for dragonflies in Flanders, Belgium;INBO;INBO:MEETNET:VISITID:000253;original locations available upon request;coordinates are generalized from a POLYGON to a UTM 5km grid;INBO:MEETNET:EVENT:001326;dragonfly population count;2016-06-22;data collected in the Gevlekte witsnuitlibel project;INBO:MEETNET:LOCATION:002755;Europe;BE;Asbeek;coordinates are centroid of used grid square;50.90527;5.59574;3536;WGS84
Event;en;http://creativecommons.org/publicdomain/zero/1.0/;INBO;https://www.inbo.be/en/norms-data-use;https://doi.org/10.15468/crbudg;Meetnetten.be - Population count for dragonflies in Flanders, Belgium;INBO;INBO:MEETNET:VISITID:000210;original locations available upon request;coordinates are generalized from a POLYGON to a UTM 5km grid;INBO:MEETNET:EVENT:001256;dragonfly population count;2016-06-28;data collected in the Gevlekte witsnuitlibel project;INBO:MEETNET:LOCATION:002756;Europe;BE;Wijvenheide noord;coordinates are centroid of used grid square;51.00110;5.31600;3536;WGS84
Event;en;http://creativecommons.org/publicdomain/zero/1.0/;INBO;https://www.inbo.be/en/norms-data-use;https://doi.org/10.15468/crbudg;Meetnetten.be - Population count for dragonflies in Flanders, Belgium;INBO;INBO:MEETNET:VISITID:000212;original locations available upon request;coordinates are generalized from a POLYGON to a UTM 5km grid;INBO:MEETNET:EVENT:001260;dragonfly population count;2016-06-28;data collected in the Gevlekte witsnuitlibel project;INBO:MEETNET:LOCATION:002757;Europe;BE;Laambeekvallei oost;coordinates are centroid of used grid square;51.00110;5.31600;3536;WGS84
Event;en;http://creativecommons.org/publicdomain/zero/1.0/;INBO;https://www.inbo.be/en/norms-data-use;https://doi.org/10.15468/crbudg;Meetnetten.be - Population count for dragonflies in Flanders, Belgium;INBO;INBO:MEETNET:VISITID:000209;original locations available upon request;coordinates are generalized from a POLYGON to a UTM 5km grid;INBO:MEETNET:EVENT:001254;dragonfly population count;2016-06-28;data collected in the Gevlekte witsnuitlibel project;INBO:MEETNET:LOCATION:002758;Europe;BE;Kolberg Zonderik west;coordinates are centroid of used grid square;50.95617;5.31377;3536;WGS84
Event;en;http://creativecommons.org/publicdomain/zero/1.0/;INBO;https://www.inbo.be/en/norms-data-use;https://doi.org/10.15468/crbudg;Meetnetten.be - Population count for dragonflies in Flanders, Belgium;INBO;INBO:MEETNET:VISITID:000208;original locations available upon request;coordinates are generalized from a POLYGON to a UTM 5km grid;INBO:MEETNET:EVENT:001252;dragonfly population count;2016-06-28;data collected in the Gevlekte witsnuitlibel project;INBO:MEETNET:LOCATION:002759;Europe;BE;Kolberg Zonderik oost;coordinates are centroid of used grid square;50.95617;5.31377;3536;WGS84
Event;en;http://creativecommons.org/publicdomain/zero/1.0/;INBO;https://www.inbo.be/en/norms-data-use;https://doi.org/10.15468/crbudg;Meetnetten.be - Population count for dragonflies in Flanders, Belgium;INBO;INBO:MEETNET:VISITID:000211;original locations available upon request;coordinates are generalized from a POLYGON to a UTM 5km grid;INBO:MEETNET:EVENT:001258;dragonfly population count;2016-06-28;data collected in the Gevlekte witsnuitlibel project;INBO:MEETNET:LOCATION:002760;Europe;BE;Laambeekvallei Vijvers Terlaemen;coordinates are centroid of used grid square;51.00110;5.31600;3536;WGS84
Event;en;http://creativecommons.org/publicdomain/zero/1.0/;INBO;https://www.inbo.be/en/norms-data-use;https://doi.org/10.15468/crbudg;Meetnetten.be - Population count for dragonflies in Flanders, Belgium;INBO;INBO:MEETNET:VISITID:000285;original locations available upon request;coordinates are generalized from a POLYGON to a UTM 5km grid;INBO:MEETNET:EVENT:001679;dragonfly population count;2016-06-11;data collected in the Gevlekte witsnuitlibel project;INBO:MEETNET:LOCATION:002761;Europe;BE;Teut Grootven;coordinates are centroid of used grid square;50.99967;5.38720;3536;WGS84
Event;en;http://creativecommons.org/publicdomain/zero/1.0/;INBO;https://www.inbo.be/en/norms-data-use;https://doi.org/10.15468/crbudg;Meetnetten.be - Population count for dragonflies in Flanders, Belgium;INBO;INBO:MEETNET:VISITID:000974;original locations available upon request;coordinates are generalized from a POLYGON to a UTM 10km grid;INBO:MEETNET:EVENT:006148;dragonfly population count;2017-04-09;data collected in the Maanwaterjuffer project;INBO:MEETNET:LOCATION:004152;Europe;BE;Groot Schietveld noord;coordinates are centroid of used grid square;51.39457;4.65300;7071;WGS84
Event;en;http://creativecommons.org/publicdomain/zero/1.0/;INBO;https://www.inbo.be/en/norms-data-use;https://doi.org/10.15468/crbudg;Meetnetten.be - Population count for dragonflies in Flanders, Belgium;INBO;INBO:MEETNET:VISITID:000020;original locations available upon request;coordinates are generalized from a POLYGON to a UTM 10km grid;INBO:MEETNET:EVENT:003931;dragonfly population count;2016-05-05;data collected in the Maanwaterjuffer project;INBO:MEETNET:LOCATION:004152;Europe;BE;Groot Schietveld noord;coordinates are centroid of used grid square;51.39457;4.65300;7071;WGS84
Event;en;http://creativecommons.org/publicdomain/zero/1.0/;INBO;https://www.inbo.be/en/norms-data-use;https://doi.org/10.15468/crbudg;Meetnetten.be - Population count for dragonflies in Flanders, Belgium;INBO;INBO:MEETNET:VISITID:000057;original locations available upon request;coordinates are generalized from a POLYGON to a UTM 10km grid;INBO:MEETNET:EVENT:003932;dragonfly population count;2016-05-26;data collected in the Maanwaterjuffer project;INBO:MEETNET:LOCATION:004152;Europe;BE;Groot Schietveld noord;coordinates are centroid of used grid square;51.39457;4.65300;7071;WGS84
Event;en;http://creativecommons.org/publicdomain/zero/1.0/;INBO;https://www.inbo.be/en/norms-data-use;https://doi.org/10.15468/crbudg;Meetnetten.be - Population count for dragonflies in Flanders, Belgium;INBO;INBO:MEETNET:VISITID:001063;original locations available upon request;coordinates are generalized from a POLYGON to a UTM 10km grid;INBO:MEETNET:EVENT:006652;dragonfly population count;2017-05-06;data collected in the Maanwaterjuffer project;INBO:MEETNET:LOCATION:004152;Europe;BE;Groot Schietveld noord;coordinates are centroid of used grid square;51.39457;4.65300;7071;WGS84
Event;en;http://creativecommons.org/publicdomain/zero/1.0/;INBO;https://www.inbo.be/en/norms-data-use;https://doi.org/10.15468/crbudg;Meetnetten.be - Population count for dragonflies in Flanders, Belgium;INBO;INBO:MEETNET:VISITID:001064;original locations available upon request;coordinates are generalized from a POLYGON to a UTM 10km grid;INBO:MEETNET:EVENT:006653;dragonfly population count;2017-04-30;data collected in the Maanwaterjuffer project;INBO:MEETNET:LOCATION:004152;Europe;BE;Groot Schietveld noord;coordinates are centroid of used grid square;51.39457;4.65300;7071;WGS84
Event;en;http://creativecommons.org/publicdomain/zero/1.0/;INBO;https://www.inbo.be/en/norms-data-use;https://doi.org/10.15468/crbudg;Meetnetten.be - Population count for dragonflies in Flanders, Belgium;INBO;INBO:MEETNET:VISITID:001741;original locations available upon request;coordinates are generalized from a POLYGON to a UTM 5km grid;INBO:MEETNET:EVENT:010538;dragonfly population count;2017-08-07;data collected in the Kempense heidelibel project;INBO:MEETNET:LOCATION:002725;Europe;BE;Hageven noord Stenen brug;coordinates are centroid of used grid square;51.26920;5.40115;3536;WGS84
Event;en;http://creativecommons.org/publicdomain/zero/1.0/;INBO;https://www.inbo.be/en/norms-data-use;https://doi.org/10.15468/crbudg;Meetnetten.be - Population count for dragonflies in Flanders, Belgium;INBO;INBO:MEETNET:VISITID:001804;original locations available upon request;coordinates are generalized from a POLYGON to a UTM 5km grid;INBO:MEETNET:EVENT:011154;dragonfly population count;2017-08-16;data collected in the Kempense heidelibel project;INBO:MEETNET:LOCATION:002726;Europe;BE;Hageven Hageven;coordinates are centroid of used grid square;51.26920;5.40115;3536;WGS84
Event;en;http://creativecommons.org/publicdomain/zero/1.0/;INBO;https://www.inbo.be/en/norms-data-use;https://doi.org/10.15468/crbudg;Meetnetten.be - Population count for dragonflies in Flanders, Belgium;INBO;INBO:MEETNET:VISITID:001740;original locations available upon request;coordinates are generalized from a POLYGON to a UTM 5km grid;INBO:MEETNET:EVENT:010537;dragonfly population count;2017-08-07;data collected in the Kempense heidelibel project;INBO:MEETNET:LOCATION:002726;Europe;BE;Hageven Hageven;coordinates are centroid of used grid square;51.26920;5.40115;3536;WGS84
Event;en;http://creativecommons.org/publicdomain/zero/1.0/;INBO;https://www.inbo.be/en/norms-data-use;https://doi.org/10.15468/crbudg;Meetnetten.be - Population count for dragonflies in Flanders, Belgium;INBO;INBO:MEETNET:VISITID:002389;original locations available upon request;coordinates are generalized from a POLYGON to a UTM 5km grid;INBO:MEETNET:EVENT:014036;dragonfly population count;2017-08-13;data collected in the Kempense heidelibel project;INBO:MEETNET:LOCATION:002727;Europe;BE;Wijvenheide noord;coordinates are centroid of used grid square;51.00110;5.31600;3536;WGS84
Event;en;http://creativecommons.org/publicdomain/zero/1.0/;INBO;https://www.inbo.be/en/norms-data-use;https://doi.org/10.15468/crbudg;Meetnetten.be - Population count for dragonflies in Flanders, Belgium;INBO;INBO:MEETNET:VISITID:002390;original locations available upon request;coordinates are generalized from a POLYGON to a UTM 5km grid;INBO:MEETNET:EVENT:014037;dragonfly population count;2017-09-02;data collected in the Kempense heidelibel project;INBO:MEETNET:LOCATION:002727;Europe;BE;Wijvenheide noord;coordinates are centroid of used grid square;51.00110;5.31600;3536;WGS84
Event;en;http://creativecommons.org/publicdomain/zero/1.0/;INBO;https://www.inbo.be/en/norms-data-use;https://doi.org/10.15468/crbudg;Meetnetten.be - Population count for dragonflies in Flanders, Belgium;INBO;INBO:MEETNET:VISITID:002398;original locations available upon request;coordinates are generalized from a POLYGON to a UTM 5km grid;INBO:MEETNET:EVENT:014045;dragonfly population count;2017-08-25;data collected in the Kempense heidelibel project;INBO:MEETNET:LOCATION:002727;Europe;BE;Wijvenheide noord;coordinates are centroid of used grid square;51.00110;5.31600;3536;WGS84
Event;en;http://creativecommons.org/publicdomain/zero/1.0/;INBO;https://www.inbo.be/en/norms-data-use;https://doi.org/10.15468/crbudg;Meetnetten.be - Population count for dragonflies in Flanders, Belgium;INBO;INBO:MEETNET:VISITID:002385;original locations available upon request;coordinates are generalized from a POLYGON to a UTM 5km grid;INBO:MEETNET:EVENT:014032;dragonfly population count;2017-08-13;data collected in the Kempense heidelibel project;INBO:MEETNET:LOCATION:002728;Europe;BE;Wijvenheide zuid;coordinates are centroid of used grid square;51.00110;5.31600;3536;WGS84
Event;en;http://creativecommons.org/publicdomain/zero/1.0/;INBO;https://www.inbo.be/en/norms-data-use;https://doi.org/10.15468/crbudg;Meetnetten.be - Population count for dragonflies in Flanders, Belgium;INBO;INBO:MEETNET:VISITID:002395;original locations available upon request;coordinates are generalized from a POLYGON to a UTM 5km grid;INBO:MEETNET:EVENT:014042;dragonfly population count;2017-08-25;data collected in the Kempense heidelibel project;INBO:MEETNET:LOCATION:002728;Europe;BE;Wijvenheide zuid;coordinates are centroid of used grid square;51.00110;5.31600;3536;WGS84
Event;en;http://creativecommons.org/publicdomain/zero/1.0/;INBO;https://www.inbo.be/en/norms-data-use;https://doi.org/10.15468/crbudg;Meetnetten.be - Population count for dragonflies in Flanders, Belgium;INBO;INBO:MEETNET:VISITID:002391;original locations available upon request;coordinates are generalized from a POLYGON to a UTM 5km grid;INBO:MEETNET:EVENT:014038;dragonfly population count;2017-09-02;data collected in the Kempense heidelibel project;INBO:MEETNET:LOCATION:002728;Europe;BE;Wijvenheide zuid;coordinates are centroid of used grid square;51.00110;5.31600;3536;WGS84
Event;en;http://creativecommons.org/publicdomain/zero/1.0/;INBO;https://www.inbo.be/en/norms-data-use;https://doi.org/10.15468/crbudg;Meetnetten.be - Population count for dragonflies in Flanders, Belgium;INBO;INBO:MEETNET:VISITID:002392;original locations available upon request;coordinates are generalized from a POLYGON to a UTM 5km grid;INBO:MEETNET:EVENT:014039;dragonfly population count;2017-09-02;data collected in the Kempense heidelibel project;INBO:MEETNET:LOCATION:002729;Europe;BE;Platwijers grote wijer;coordinates are centroid of used grid square;50.95617;5.31377;3536;WGS84
Event;en;http://creativecommons.org/publicdomain/zero/1.0/;INBO;https://www.inbo.be/en/norms-data-use;https://doi.org/10.15468/crbudg;Meetnetten.be - Population count for dragonflies in Flanders, Belgium;INBO;INBO:MEETNET:VISITID:002396;original locations available upon request;coordinates are generalized from a POLYGON to a UTM 5km grid;INBO:MEETNET:EVENT:014043;dragonfly population count;2017-08-25;data collected in the Kempense heidelibel project;INBO:MEETNET:LOCATION:002729;Europe;BE;Platwijers grote wijer;coordinates are centroid of used grid square;50.95617;5.31377;3536;WGS84
Event;en;http://creativecommons.org/publicdomain/zero/1.0/;INBO;https://www.inbo.be/en/norms-data-use;https://doi.org/10.15468/crbudg;Meetnetten.be - Population count for dragonflies in Flanders, Belgium;INBO;INBO:MEETNET:VISITID:002388;original locations available upon request;coordinates are generalized from a POLYGON to a UTM 5km grid;INBO:MEETNET:EVENT:014035;dragonfly population count;2017-08-22;data collected in the Kempense heidelibel project;INBO:MEETNET:LOCATION:002729;Europe;BE;Platwijers grote wijer;coordinates are centroid of used grid square;50.95617;5.31377;3536;WGS84
Event;en;http://creativecommons.org/publicdomain/zero/1.0/;INBO;https://www.inbo.be/en/norms-data-use;https://doi.org/10.15468/crbudg;Meetnetten.be - Population count for dragonflies in Flanders, Belgium;INBO;INBO:MEETNET:VISITID:011615;original locations available upon request;coordinates are generalized from a POLYGON to a UTM 10km grid;INBO:MEETNET:EVENT:054329;dragonfly population count;2018-05-07;data collected in the Maanwaterjuffer project;INBO:MEETNET:LOCATION:002731;Europe;BE;Kleine Ruiterskuilen;coordinates are centroid of used grid square;51.01990;5.49519;7071;WGS84
Event;en;http://creativecommons.org/publicdomain/zero/1.0/;INBO;https://www.inbo.be/en/norms-data-use;https://doi.org/10.15468/crbudg;Meetnetten.be - Population count for dragonflies in Flanders, Belgium;INBO;INBO:MEETNET:VISITID:011671;original locations available upon request;coordinates are generalized from a POLYGON to a UTM 10km grid;INBO:MEETNET:EVENT:054627;dragonfly population count;2018-05-15;data collected in the Maanwaterjuffer project;INBO:MEETNET:LOCATION:002731;Europe;BE;Kleine Ruiterskuilen;coordinates are centroid of used grid square;51.01990;5.49519;7071;WGS84
Event;en;http://creativecommons.org/publicdomain/zero/1.0/;INBO;https://www.inbo.be/en/norms-data-use;https://doi.org/10.15468/crbudg;Meetnetten.be - Population count for dragonflies in Flanders, Belgium;INBO;INBO:MEETNET:VISITID:001076;original locations available upon request;coordinates are generalized from a POLYGON to a UTM 10km grid;INBO:MEETNET:EVENT:006689;dragonfly population count;2017-05-10;data collected in the Maanwaterjuffer project;INBO:MEETNET:LOCATION:002731;Europe;BE;Kleine Ruiterskuilen;coordinates are centroid of used grid square;51.01990;5.49519;7071;WGS84
Event;en;http://creativecommons.org/publicdomain/zero/1.0/;INBO;https://www.inbo.be/en/norms-data-use;https://doi.org/10.15468/crbudg;Meetnetten.be - Population count for dragonflies in Flanders, Belgium;INBO;INBO:MEETNET:VISITID:001193;original locations available upon request;coordinates are generalized from a POLYGON to a UTM 10km grid;INBO:MEETNET:EVENT:007446;dragonfly population count;2017-05-26;data collected in the Maanwaterjuffer project;INBO:MEETNET:LOCATION:002731;Europe;BE;Kleine Ruiterskuilen;coordinates are centroid of used grid square;51.01990;5.49519;7071;WGS84
Event;en;http://creativecommons.org/publicdomain/zero/1.0/;INBO;https://www.inbo.be/en/norms-data-use;https://doi.org/10.15468/crbudg;Meetnetten.be - Population count for dragonflies in Flanders, Belgium;INBO;INBO:MEETNET:VISITID:001194;original locations available upon request;coordinates are generalized from a POLYGON to a UTM 10km grid;INBO:MEETNET:EVENT:007447;dragonfly population count;2017-05-24;data collected in the Maanwaterjuffer project;INBO:MEETNET:LOCATION:002731;Europe;BE;Kleine Ruiterskuilen;coordinates are centroid of used grid square;51.01990;5.49519;7071;WGS84
Event;en;http://creativecommons.org/publicdomain/zero/1.0/;INBO;https://www.inbo.be/en/norms-data-use;https://doi.org/10.15468/crbudg;Meetnetten.be - Population count for dragonflies in Flanders, Belgium;INBO;INBO:MEETNET:VISITID:001110;original locations available upon request;coordinates are generalized from a POLYGON to a UTM 10km grid;INBO:MEETNET:EVENT:006882;dragonfly population count;2017-05-17;data collected in the Maanwaterjuffer project;INBO:MEETNET:LOCATION:002732;Europe;BE;Zwart water ven ten noorden;coordinates are centroid of used grid square;51.39017;4.94031;7071;WGS84
Event;en;http://creativecommons.org/publicdomain/zero/1.0/;INBO;https://www.inbo.be/en/norms-data-use;https://doi.org/10.15468/crbudg;Meetnetten.be - Population count for dragonflies in Flanders, Belgium;INBO;INBO:MEETNET:VISITID:011702;original locations available upon request;coordinates are generalized from a POLYGON to a UTM 10km grid;INBO:MEETNET:EVENT:054846;dragonfly population count;2018-05-21;data collected in the Maanwaterjuffer project;INBO:MEETNET:LOCATION:002732;Europe;BE;Zwart water ven ten noorden;coordinates are centroid of used grid square;51.39017;4.94031;7071;WGS84
Event;en;http://creativecommons.org/publicdomain/zero/1.0/;INBO;https://www.inbo.be/en/norms-data-use;https://doi.org/10.15468/crbudg;Meetnetten.be - Population count for dragonflies in Flanders, Belgium;INBO;INBO:MEETNET:VISITID:011601;original locations available upon request;coordinates are generalized from a POLYGON to a UTM 10km grid;INBO:MEETNET:EVENT:054265;dragonfly population count;2018-05-05;data collected in the Maanwaterjuffer project;INBO:MEETNET:LOCATION:002732;Europe;BE;Zwart water ven ten noorden;coordinates are centroid of used grid square;51.39017;4.94031;7071;WGS84
Event;en;http://creativecommons.org/publicdomain/zero/1.0/;INBO;https://www.inbo.be/en/norms-data-use;https://doi.org/10.15468/crbudg;Meetnetten.be - Population count for dragonflies in Flanders, Belgium;INBO;INBO:MEETNET:VISITID:011618;original locations available upon request;coordinates are generalized from a POLYGON to a UTM 10km grid;INBO:MEETNET:EVENT:054337;dragonfly population count;2018-05-06;data collected in the Maanwaterjuffer project;INBO:MEETNET:LOCATION:002733;Europe;BE;Kalmthoutse Heide Pluisven;coordinates are centroid of used grid square;51.39651;4.50931;7071;WGS84
Event;en;http://creativecommons.org/publicdomain/zero/1.0/;INBO;https://www.inbo.be/en/norms-data-use;https://doi.org/10.15468/crbudg;Meetnetten.be - Population count for dragonflies in Flanders, Belgium;INBO;INBO:MEETNET:VISITID:011719;original locations available upon request;coordinates are generalized from a POLYGON to a UTM 10km grid;INBO:MEETNET:EVENT:054898;dragonfly population count;2018-05-20;data collected in the Maanwaterjuffer project;INBO:MEETNET:LOCATION:002733;Europe;BE;Kalmthoutse Heide Pluisven;coordinates are centroid of used grid square;51.39651;4.50931;7071;WGS84
Event;en;http://creativecommons.org/publicdomain/zero/1.0/;INBO;https://www.inbo.be/en/norms-data-use;https://doi.org/10.15468/crbudg;Meetnetten.be - Population count for dragonflies in Flanders, Belgium;INBO;INBO:MEETNET:VISITID:001135;original locations available upon request;coordinates are generalized from a POLYGON to a UTM 10km grid;INBO:MEETNET:EVENT:006999;dragonfly population count;2017-05-20;data collected in the Maanwaterjuffer project;INBO:MEETNET:LOCATION:002733;Europe;BE;Kalmthoutse Heide Pluisven;coordinates are centroid of used grid square;51.39651;4.50931;7071;WGS84
Event;en;http://creativecommons.org/publicdomain/zero/1.0/;INBO;https://www.inbo.be/en/norms-data-use;https://doi.org/10.15468/crbudg;Meetnetten.be - Population count for dragonflies in Flanders, Belgium;INBO;INBO:MEETNET:VISITID:001075;original locations available upon request;coordinates are generalized from a POLYGON to a UTM 10km grid;INBO:MEETNET:EVENT:006688;dragonfly population count;2017-05-10;data collected in the Maanwaterjuffer project;INBO:MEETNET:LOCATION:002734;Europe;BE;Klein Schietveld noord;coordinates are centroid of used grid square;51.39651;4.50931;7071;WGS84
Event;en;http://creativecommons.org/publicdomain/zero/1.0/;INBO;https://www.inbo.be/en/norms-data-use;https://doi.org/10.15468/crbudg;Meetnetten.be - Population count for dragonflies in Flanders, Belgium;INBO;INBO:MEETNET:VISITID:001126;original locations available upon request;coordinates are generalized from a POLYGON to a UTM 10km grid;INBO:MEETNET:EVENT:006951;dragonfly population count;2017-05-17;data collected in the Maanwaterjuffer project;INBO:MEETNET:LOCATION:002734;Europe;BE;Klein Schietveld noord;coordinates are centroid of used grid square;51.39651;4.50931;7071;WGS84
Event;en;http://creativecommons.org/publicdomain/zero/1.0/;INBO;https://www.inbo.be/en/norms-data-use;https://doi.org/10.15468/crbudg;Meetnetten.be - Population count for dragonflies in Flanders, Belgium;INBO;INBO:MEETNET:VISITID:011721;original locations available upon request;coordinates are generalized from a POLYGON to a UTM 10km grid;INBO:MEETNET:EVENT:054900;dragonfly population count;2018-05-20;data collected in the Maanwaterjuffer project;INBO:MEETNET:LOCATION:002734;Europe;BE;Klein Schietveld noord;coordinates are centroid of used grid square;51.39651;4.50931;7071;WGS84
Event;en;http://creativecommons.org/publicdomain/zero/1.0/;INBO;https://www.inbo.be/en/norms-data-use;https://doi.org/10.15468/crbudg;Meetnetten.be - Population count for dragonflies in Flanders, Belgium;INBO;INBO:MEETNET:VISITID:011616;original locations available upon request;coordinates are generalized from a POLYGON to a UTM 10km grid;INBO:MEETNET:EVENT:054330;dragonfly population count;2018-05-07;data collected in the Maanwaterjuffer project;INBO:MEETNET:LOCATION:002734;Europe;BE;Klein Schietveld noord;coordinates are centroid of used grid square;51.39651;4.50931;7071;WGS84
Event;en;http://creativecommons.org/publicdomain/zero/1.0/;INBO;https://www.inbo.be/en/norms-data-use;https://doi.org/10.15468/crbudg;Meetnetten.be - Population count for dragonflies in Flanders, Belgium;INBO;INBO:MEETNET:VISITID:011619;original locations available upon request;coordinates are generalized from a POLYGON to a UTM 10km grid;INBO:MEETNET:EVENT:054338;dragonfly population count;2018-05-07;data collected in the Maanwaterjuffer project;INBO:MEETNET:LOCATION:002735;Europe;BE;Klein Schietveld midden;coordinates are centroid of used grid square;51.39651;4.50931;7071;WGS84
Event;en;http://creativecommons.org/publicdomain/zero/1.0/;INBO;https://www.inbo.be/en/norms-data-use;https://doi.org/10.15468/crbudg;Meetnetten.be - Population count for dragonflies in Flanders, Belgium;INBO;INBO:MEETNET:VISITID:011720;original locations available upon request;coordinates are generalized from a POLYGON to a UTM 10km grid;INBO:MEETNET:EVENT:054899;dragonfly population count;2018-05-20;data collected in the Maanwaterjuffer project;INBO:MEETNET:LOCATION:002735;Europe;BE;Klein Schietveld midden;coordinates are centroid of used grid square;51.39651;4.50931;7071;WGS84
Event;en;http://creativecommons.org/publicdomain/zero/1.0/;INBO;https://www.inbo.be/en/norms-data-use;https://doi.org/10.15468/crbudg;Meetnetten.be - Population count for dragonflies in Flanders, Belgium;INBO;INBO:MEETNET:VISITID:025202;original locations available upon request;coordinates are generalized from a POLYGON to a UTM 10km grid;INBO:MEETNET:EVENT:188684;dragonfly population count;2018-04-23;data collected in the Maanwaterjuffer project;INBO:MEETNET:LOCATION:002735;Europe;BE;Klein Schietveld midden;coordinates are centroid of used grid square;51.39651;4.50931;7071;WGS84
Event;en;http://creativecommons.org/publicdomain/zero/1.0/;INBO;https://www.inbo.be/en/norms-data-use;https://doi.org/10.15468/crbudg;Meetnetten.be - Population count for dragonflies in Flanders, Belgium;INBO;INBO:MEETNET:VISITID:001125;original locations available upon request;coordinates are generalized from a POLYGON to a UTM 10km grid;INBO:MEETNET:EVENT:006950;dragonfly population count;2017-05-17;data collected in the Maanwaterjuffer project;INBO:MEETNET:LOCATION:002735;Europe;BE;Klein Schietveld midden;coordinates are centroid of used grid square;51.39651;4.50931;7071;WGS84
Event;en;http://creativecommons.org/publicdomain/zero/1.0/;INBO;https://www.inbo.be/en/norms-data-use;https://doi.org/10.15468/crbudg;Meetnetten.be - Population count for dragonflies in Flanders, Belgium;INBO;INBO:MEETNET:VISITID:001185;original locations available upon request;coordinates are generalized from a POLYGON to a UTM 10km grid;INBO:MEETNET:EVENT:007385;dragonfly population count;2017-05-25;data collected in the Maanwaterjuffer project;INBO:MEETNET:LOCATION:002736;Europe;BE;Groot Schietveld midden;coordinates are centroid of used grid square;51.30662;4.50636;7071;WGS84
Event;en;http://creativecommons.org/publicdomain/zero/1.0/;INBO;https://www.inbo.be/en/norms-data-use;https://doi.org/10.15468/crbudg;Meetnetten.be - Population count for dragonflies in Flanders, Belgium;INBO;INBO:MEETNET:VISITID:025201;original locations available upon request;coordinates are generalized from a POLYGON to a UTM 10km grid;INBO:MEETNET:EVENT:188683;dragonfly population count;2018-05-26;data collected in the Maanwaterjuffer project;INBO:MEETNET:LOCATION:002736;Europe;BE;Groot Schietveld midden;coordinates are centroid of used grid square;51.30662;4.50636;7071;WGS84
Event;en;http://creativecommons.org/publicdomain/zero/1.0/;INBO;https://www.inbo.be/en/norms-data-use;https://doi.org/10.15468/crbudg;Meetnetten.be - Population count for dragonflies in Flanders, Belgium;INBO;INBO:MEETNET:VISITID:011598;original locations available upon request;coordinates are generalized from a POLYGON to a UTM 10km grid;INBO:MEETNET:EVENT:054238;dragonfly population count;2018-05-05;data collected in the Maanwaterjuffer project;INBO:MEETNET:LOCATION:002736;Europe;BE;Groot Schietveld midden;coordinates are centroid of used grid square;51.30662;4.50636;7071;WGS84
Event;en;http://creativecommons.org/publicdomain/zero/1.0/;INBO;https://www.inbo.be/en/norms-data-use;https://doi.org/10.15468/crbudg;Meetnetten.be - Population count for dragonflies in Flanders, Belgium;INBO;INBO:MEETNET:VISITID:025218;original locations available upon request;coordinates are generalized from a POLYGON to a UTM 5km grid;INBO:MEETNET:EVENT:188758;dragonfly population count;2018-06-04;data collected in the Gevlekte witsnuitlibel project;INBO:MEETNET:LOCATION:002737;Europe;BE;Wortel Kolonie;coordinates are centroid of used grid square;51.41436;4.83347;3536;WGS84
Event;en;http://creativecommons.org/publicdomain/zero/1.0/;INBO;https://www.inbo.be/en/norms-data-use;https://doi.org/10.15468/crbudg;Meetnetten.be - Population count for dragonflies in Flanders, Belgium;INBO;INBO:MEETNET:VISITID:011670;original locations available upon request;coordinates are generalized from a POLYGON to a UTM 5km grid;INBO:MEETNET:EVENT:054626;dragonfly population count;2018-05-15;data collected in the Gevlekte witsnuitlibel project;INBO:MEETNET:LOCATION:002737;Europe;BE;Wortel Kolonie;coordinates are centroid of used grid square;51.41436;4.83347;3536;WGS84
Event;en;http://creativecommons.org/publicdomain/zero/1.0/;INBO;https://www.inbo.be/en/norms-data-use;https://doi.org/10.15468/crbudg;Meetnetten.be - Population count for dragonflies in Flanders, Belgium;INBO;INBO:MEETNET:VISITID:001342;original locations available upon request;coordinates are generalized from a POLYGON to a UTM 5km grid;INBO:MEETNET:EVENT:007965;dragonfly population count;2017-06-01;data collected in the Gevlekte witsnuitlibel project;INBO:MEETNET:LOCATION:002737;Europe;BE;Wortel Kolonie;coordinates are centroid of used grid square;51.41436;4.83347;3536;WGS84
Event;en;http://creativecommons.org/publicdomain/zero/1.0/;INBO;https://www.inbo.be/en/norms-data-use;https://doi.org/10.15468/crbudg;Meetnetten.be - Population count for dragonflies in Flanders, Belgium;INBO;INBO:MEETNET:VISITID:001427;original locations available upon request;coordinates are generalized from a POLYGON to a UTM 5km grid;INBO:MEETNET:EVENT:008409;dragonfly population count;2017-05-29;data collected in the Gevlekte witsnuitlibel project;INBO:MEETNET:LOCATION:002737;Europe;BE;Wortel Kolonie;coordinates are centroid of used grid square;51.41436;4.83347;3536;WGS84
Event;en;http://creativecommons.org/publicdomain/zero/1.0/;INBO;https://www.inbo.be/en/norms-data-use;https://doi.org/10.15468/crbudg;Meetnetten.be - Population count for dragonflies in Flanders, Belgium;INBO;INBO:MEETNET:VISITID:001428;original locations available upon request;coordinates are generalized from a POLYGON to a UTM 5km grid;INBO:MEETNET:EVENT:008410;dragonfly population count;2017-06-10;data collected in the Gevlekte witsnuitlibel project;INBO:MEETNET:LOCATION:002737;Europe;BE;Wortel Kolonie;coordinates are centroid of used grid square;51.41436;4.83347;3536;WGS84
Event;en;http://creativecommons.org/publicdomain/zero/1.0/;INBO;https://www.inbo.be/en/norms-data-use;https://doi.org/10.15468/crbudg;Meetnetten.be - Population count for dragonflies in Flanders, Belgium;INBO;INBO:MEETNET:VISITID:001436;original locations available upon request;coordinates are generalized from a POLYGON to a UTM 5km grid;INBO:MEETNET:EVENT:008448;dragonfly population count;2017-06-30;data collected in the Gevlekte witsnuitlibel project;INBO:MEETNET:LOCATION:002738;Europe;BE;Catselt;coordinates are centroid of used grid square;51.00640;5.03116;3536;WGS84
Event;en;http://creativecommons.org/publicdomain/zero/1.0/;INBO;https://www.inbo.be/en/norms-data-use;https://doi.org/10.15468/crbudg;Meetnetten.be - Population count for dragonflies in Flanders, Belgium;INBO;INBO:MEETNET:VISITID:001254;original locations available upon request;coordinates are generalized from a POLYGON to a UTM 5km grid;INBO:MEETNET:EVENT:007696;dragonfly population count;2017-06-08;data collected in the Gevlekte witsnuitlibel project;INBO:MEETNET:LOCATION:002738;Europe;BE;Catselt;coordinates are centroid of used grid square;51.00640;5.03116;3536;WGS84
Event;en;http://creativecommons.org/publicdomain/zero/1.0/;INBO;https://www.inbo.be/en/norms-data-use;https://doi.org/10.15468/crbudg;Meetnetten.be - Population count for dragonflies in Flanders, Belgium;INBO;INBO:MEETNET:VISITID:025221;original locations available upon request;coordinates are generalized from a POLYGON to a UTM 5km grid;INBO:MEETNET:EVENT:188761;dragonfly population count;2018-05-28;data collected in the Gevlekte witsnuitlibel project;INBO:MEETNET:LOCATION:002738;Europe;BE;Catselt;coordinates are centroid of used grid square;51.00640;5.03116;3536;WGS84
Event;en;http://creativecommons.org/publicdomain/zero/1.0/;INBO;https://www.inbo.be/en/norms-data-use;https://doi.org/10.15468/crbudg;Meetnetten.be - Population count for dragonflies in Flanders, Belgium;INBO;INBO:MEETNET:VISITID:025219;original locations available upon request;coordinates are generalized from a POLYGON to a UTM 5km grid;INBO:MEETNET:EVENT:188759;dragonfly population count;2018-06-04;data collected in the Gevlekte witsnuitlibel project;INBO:MEETNET:LOCATION:002739;Europe;BE;Langdonken 1;coordinates are centroid of used grid square;51.00879;4.88871;3536;WGS84
Event;en;http://creativecommons.org/publicdomain/zero/1.0/;INBO;https://www.inbo.be/en/norms-data-use;https://doi.org/10.15468/crbudg;Meetnetten.be - Population count for dragonflies in Flanders, Belgium;INBO;INBO:MEETNET:VISITID:011700;original locations available upon request;coordinates are generalized from a POLYGON to a UTM 5km grid;INBO:MEETNET:EVENT:054844;dragonfly population count;2018-05-21;data collected in the Gevlekte witsnuitlibel project;INBO:MEETNET:LOCATION:002739;Europe;BE;Langdonken 1;coordinates are centroid of used grid square;51.00879;4.88871;3536;WGS84
Event;en;http://creativecommons.org/publicdomain/zero/1.0/;INBO;https://www.inbo.be/en/norms-data-use;https://doi.org/10.15468/crbudg;Meetnetten.be - Population count for dragonflies in Flanders, Belgium;INBO;INBO:MEETNET:VISITID:001183;original locations available upon request;coordinates are generalized from a POLYGON to a UTM 5km grid;INBO:MEETNET:EVENT:007383;dragonfly population count;2017-05-25;data collected in the Gevlekte witsnuitlibel project;INBO:MEETNET:LOCATION:002739;Europe;BE;Langdonken 1;coordinates are centroid of used grid square;51.00879;4.88871;3536;WGS84
Event;en;http://creativecommons.org/publicdomain/zero/1.0/;INBO;https://www.inbo.be/en/norms-data-use;https://doi.org/10.15468/crbudg;Meetnetten.be - Population count for dragonflies in Flanders, Belgium;INBO;INBO:MEETNET:VISITID:001304;original locations available upon request;coordinates are generalized from a POLYGON to a UTM 5km grid;INBO:MEETNET:EVENT:007865;dragonfly population count;2017-06-18;data collected in the Gevlekte witsnuitlibel project;INBO:MEETNET:LOCATION:002739;Europe;BE;Langdonken 1;coordinates are centroid of used grid square;51.00879;4.88871;3536;WGS84
Event;en;http://creativecommons.org/publicdomain/zero/1.0/;INBO;https://www.inbo.be/en/norms-data-use;https://doi.org/10.15468/crbudg;Meetnetten.be - Population count for dragonflies in Flanders, Belgium;INBO;INBO:MEETNET:VISITID:001305;original locations available upon request;coordinates are generalized from a POLYGON to a UTM 5km grid;INBO:MEETNET:EVENT:007866;dragonfly population count;2017-06-18;data collected in the Gevlekte witsnuitlibel project;INBO:MEETNET:LOCATION:002740;Europe;BE;Langdonken 2;coordinates are centroid of used grid square;51.00879;4.88871;3536;WGS84
Event;en;http://creativecommons.org/publicdomain/zero/1.0/;INBO;https://www.inbo.be/en/norms-data-use;https://doi.org/10.15468/crbudg;Meetnetten.be - Population count for dragonflies in Flanders, Belgium;INBO;INBO:MEETNET:VISITID:001184;original locations available upon request;coordinates are generalized from a POLYGON to a UTM 5km grid;INBO:MEETNET:EVENT:007384;dragonfly population count;2017-05-25;data collected in the Gevlekte witsnuitlibel project;INBO:MEETNET:LOCATION:002740;Europe;BE;Langdonken 2;coordinates are centroid of used grid square;51.00879;4.88871;3536;WGS84
Event;en;http://creativecommons.org/publicdomain/zero/1.0/;INBO;https://www.inbo.be/en/norms-data-use;https://doi.org/10.15468/crbudg;Meetnetten.be - Population count for dragonflies in Flanders, Belgium;INBO;INBO:MEETNET:VISITID:011701;original locations available upon request;coordinates are generalized from a POLYGON to a UTM 5km grid;INBO:MEETNET:EVENT:054845;dragonfly population count;2018-05-21;data collected in the Gevlekte witsnuitlibel project;INBO:MEETNET:LOCATION:002740;Europe;BE;Langdonken 2;coordinates are centroid of used grid square;51.00879;4.88871;3536;WGS84
Event;en;http://creativecommons.org/publicdomain/zero/1.0/;INBO;https://www.inbo.be/en/norms-data-use;https://doi.org/10.15468/crbudg;Meetnetten.be - Population count for dragonflies in Flanders, Belgium;INBO;INBO:MEETNET:VISITID:025220;original locations available upon request;coordinates are generalized from a POLYGON to a UTM 5km grid;INBO:MEETNET:EVENT:188760;dragonfly population count;2018-06-04;data collected in the Gevlekte witsnuitlibel project;INBO:MEETNET:LOCATION:002740;Europe;BE;Langdonken 2;coordinates are centroid of used grid square;51.00879;4.88871;3536;WGS84
Event;en;http://creativecommons.org/publicdomain/zero/1.0/;INBO;https://www.inbo.be/en/norms-data-use;https://doi.org/10.15468/crbudg;Meetnetten.be - Population count for dragonflies in Flanders, Belgium;INBO;INBO:MEETNET:VISITID:011713;original locations available upon request;coordinates are generalized from a POLYGON to a UTM 5km grid;INBO:MEETNET:EVENT:054881;dragonfly population count;2018-05-24;data collected in the Gevlekte witsnuitlibel project;INBO:MEETNET:LOCATION:002741;Europe;BE;Grobbendonk Engels Kamp sectie 15;coordinates are centroid of used grid square;51.19077;4.75303;3536;WGS84
Event;en;http://creativecommons.org/publicdomain/zero/1.0/;INBO;https://www.inbo.be/en/norms-data-use;https://doi.org/10.15468/crbudg;Meetnetten.be - Population count for dragonflies in Flanders, Belgium;INBO;INBO:MEETNET:VISITID:001253;original locations available upon request;coordinates are generalized from a POLYGON to a UTM 5km grid;INBO:MEETNET:EVENT:007695;dragonfly population count;2017-05-21;data collected in the Gevlekte witsnuitlibel project;INBO:MEETNET:LOCATION:002741;Europe;BE;Grobbendonk Engels Kamp sectie 15;coordinates are centroid of used grid square;51.19077;4.75303;3536;WGS84
Event;en;http://creativecommons.org/publicdomain/zero/1.0/;INBO;https://www.inbo.be/en/norms-data-use;https://doi.org/10.15468/crbudg;Meetnetten.be - Population count for dragonflies in Flanders, Belgium;INBO;INBO:MEETNET:VISITID:001309;original locations available upon request;coordinates are generalized from a POLYGON to a UTM 5km grid;INBO:MEETNET:EVENT:007870;dragonfly population count;2017-06-18;data collected in the Gevlekte witsnuitlibel project;INBO:MEETNET:LOCATION:002741;Europe;BE;Grobbendonk Engels Kamp sectie 15;coordinates are centroid of used grid square;51.19077;4.75303;3536;WGS84
Event;en;http://creativecommons.org/publicdomain/zero/1.0/;INBO;https://www.inbo.be/en/norms-data-use;https://doi.org/10.15468/crbudg;Meetnetten.be - Population count for dragonflies in Flanders, Belgium;INBO;INBO:MEETNET:VISITID:001312;original locations available upon request;coordinates are generalized from a POLYGON to a UTM 5km grid;INBO:MEETNET:EVENT:007873;dragonfly population count;2017-06-18;data collected in the Gevlekte witsnuitlibel project;INBO:MEETNET:LOCATION:002742;Europe;BE;Tielenkamp;coordinates are centroid of used grid square;51.27841;4.89975;3536;WGS84
Event;en;http://creativecommons.org/publicdomain/zero/1.0/;INBO;https://www.inbo.be/en/norms-data-use;https://doi.org/10.15468/crbudg;Meetnetten.be - Population count for dragonflies in Flanders, Belgium;INBO;INBO:MEETNET:VISITID:001313;original locations available upon request;coordinates are generalized from a POLYGON to a UTM 5km grid;INBO:MEETNET:EVENT:007874;dragonfly population count;2017-06-05;data collected in the Gevlekte witsnuitlibel project;INBO:MEETNET:LOCATION:002742;Europe;BE;Tielenkamp;coordinates are centroid of used grid square;51.27841;4.89975;3536;WGS84
Event;en;http://creativecommons.org/publicdomain/zero/1.0/;INBO;https://www.inbo.be/en/norms-data-use;https://doi.org/10.15468/crbudg;Meetnetten.be - Population count for dragonflies in Flanders, Belgium;INBO;INBO:MEETNET:VISITID:001330;original locations available upon request;coordinates are generalized from a POLYGON to a UTM 5km grid;INBO:MEETNET:EVENT:007923;dragonfly population count;2017-06-14;data collected in the Gevlekte witsnuitlibel project;INBO:MEETNET:LOCATION:002742;Europe;BE;Tielenkamp;coordinates are centroid of used grid square;51.27841;4.89975;3536;WGS84
Event;en;http://creativecommons.org/publicdomain/zero/1.0/;INBO;https://www.inbo.be/en/norms-data-use;https://doi.org/10.15468/crbudg;Meetnetten.be - Population count for dragonflies in Flanders, Belgium;INBO;INBO:MEETNET:VISITID:011708;original locations available upon request;coordinates are generalized from a POLYGON to a UTM 5km grid;INBO:MEETNET:EVENT:054865;dragonfly population count;2018-05-21;data collected in the Gevlekte witsnuitlibel project;INBO:MEETNET:LOCATION:002742;Europe;BE;Tielenkamp;coordinates are centroid of used grid square;51.27841;4.89975;3536;WGS84
Event;en;http://creativecommons.org/publicdomain/zero/1.0/;INBO;https://www.inbo.be/en/norms-data-use;https://doi.org/10.15468/crbudg;Meetnetten.be - Population count for dragonflies in Flanders, Belgium;INBO;INBO:MEETNET:VISITID:011704;original locations available upon request;coordinates are generalized from a POLYGON to a UTM 5km grid;INBO:MEETNET:EVENT:054848;dragonfly population count;2018-05-22;data collected in the Gevlekte witsnuitlibel project;INBO:MEETNET:LOCATION:002743;Europe;BE;Zegge;coordinates are centroid of used grid square;51.18736;4.96756;3536;WGS84
Event;en;http://creativecommons.org/publicdomain/zero/1.0/;INBO;https://www.inbo.be/en/norms-data-use;https://doi.org/10.15468/crbudg;Meetnetten.be - Population count for dragonflies in Flanders, Belgium;INBO;INBO:MEETNET:VISITID:025244;original locations available upon request;coordinates are generalized from a POLYGON to a UTM 5km grid;INBO:MEETNET:EVENT:188992;dragonfly population count;2018-06-06;data collected in the Gevlekte witsnuitlibel project;INBO:MEETNET:LOCATION:002743;Europe;BE;Zegge;coordinates are centroid of used grid square;51.18736;4.96756;3536;WGS84
